{
    "avg_order_value": 0.25705806081248245,
    "days_since_last_purchase": 0.09060673608539695,
    "account_age_months": 0.09038883701866685,
    "total_purchases": 0.06750817111325434,
    "bounce_rate": 0.06084617446425969,
    "cart_abandonment_rate": 0.05995725559944898,
    "avg_review_rating": 0.059838562351458104,
    "age": 0.052536876220710516,
    "email_opens": 0.038063145218124435,
    "product_reviews_count": 0.03270277022156928,
    "customer_segment_Platinum": 0.03205274115347512,
    "customer_segment_Silver": 0.029608864008305424,
    "customer_segment_Gold": 0.028056500415122438,
    "customer_segment_Bronze": 0.027570622929413747,
    "has_promo_code": 0.010267699108207013,
    "device_type_Mobile": 0.008376298226420133,
    "device_type_Desktop": 0.008181385524451112,
    "country_Germany": 0.00813520021306284,
    "country_UK": 0.00812019027237141,
    "country_India": 0.008098971591038428,
    "country_USA": 0.00788514524432773,
    "country_Canada": 0.007718929608917092,
    "device_type_Tablet": 0.006420862599515944
}